"","Domain","Phylum","Class","Order","Family","Genus","Species"
"OTU58","Bacteria","Bacillota","Erysipelotrichia","Erysipelotrichales","Turicibacteraceae","Turicibacter","uncl_Turicibacter"
"OTU191","Bacteria","Bacteroidota","Bacteroidia","Bacteroidales","Muribaculaceae","uncl_Muribaculaceae","uncl_Muribaculaceae"
"OTU89","Bacteria","Bacteroidota","Bacteroidia","Bacteroidales","Muribaculaceae","Duncaniella","muris"
"OTU4304","Bacteria","Bacteroidota","Bacteroidia","Bacteroidales","Rikenellaceae","Alistipes","uncl_Alistipes"
"OTU32","Bacteria","Bacteroidota","Bacteroidia","Bacteroidales","uncl_Bacteroidales","uncl_Bacteroidales","uncl_Bacteroidales"
"OTU29","Bacteria","Bacteroidota","Bacteroidia","Bacteroidales","Prevotellaceae","uncl_Prevotellaceae","uncl_Prevotellaceae"
"OTU73","Bacteria","Bacillota","Clostridia","Eubacteriales","Oscillospiraceae","Oscillibacter","uncl_Oscillibacter"
"OTU251","Bacteria","Bacillota","Clostridia","Eubacteriales","Lachnospiraceae","uncl_Lachnospiraceae","uncl_Lachnospiraceae"
"OTU65","Bacteria","Bacteroidota","uncl_Bacteroidota","uncl_Bacteroidota","uncl_Bacteroidota","uncl_Bacteroidota","uncl_Bacteroidota"
"OTU306","Bacteria","Bacteroidota","Bacteroidia","Bacteroidales","Muribaculaceae","uncl_Muribaculaceae","uncl_Muribaculaceae"
"OTU78","Bacteria","Bacteroidota","Bacteroidia","Bacteroidales","uncl_Bacteroidales","uncl_Bacteroidales","uncl_Bacteroidales"
"OTU46","Bacteria","Bacteroidota","Bacteroidia","Bacteroidales","Prevotellaceae","uncl_Prevotellaceae","uncl_Prevotellaceae"
"OTU3195","Bacteria","Bacteroidota","Bacteroidia","Bacteroidales","uncl_Bacteroidales","uncl_Bacteroidales","uncl_Bacteroidales"
"OTU211","Bacteria","Bacillota","Clostridia","Eubacteriales","Oscillospiraceae","uncl_Oscillospiraceae","uncl_Oscillospiraceae"
"OTU12","Bacteria","Bacteroidota","Bacteroidia","Bacteroidales","uncl_Bacteroidales","uncl_Bacteroidales","uncl_Bacteroidales"
"OTU67","Bacteria","Bacteroidota","Bacteroidia","Bacteroidales","uncl_Bacteroidales","uncl_Bacteroidales","uncl_Bacteroidales"
"OTU4930","Bacteria","Bacillota","Clostridia","Eubacteriales","Oscillospiraceae","Lawsonibacter","uncl_Lawsonibacter"
"OTU54","Bacteria","Bacillota","Clostridia","Eubacteriales","Lachnospiraceae","uncl_Lachnospiraceae","uncl_Lachnospiraceae"
"OTU2130","Bacteria","Verrucomicrobiota","Verrucomicrobiia","Verrucomicrobiales","Akkermansiaceae","Akkermansia","muciniphila"
"OTU4558","Bacteria","Bacteroidota","Bacteroidia","Bacteroidales","Prevotellaceae","uncl_Prevotellaceae","uncl_Prevotellaceae"
"OTU7","Bacteria","Bacteroidota","Bacteroidia","Bacteroidales","Muribaculaceae","uncl_Muribaculaceae","uncl_Muribaculaceae"
"OTU5","Bacteria","Verrucomicrobiota","Verrucomicrobiia","Verrucomicrobiales","Akkermansiaceae","Akkermansia","muciniphila"
"OTU66","Bacteria","Bacteroidota","Bacteroidia","Bacteroidales","Muribaculaceae","Duncaniella","uncl_Duncaniella"
"OTU201","Bacteria","Bacteroidota","Bacteroidia","Bacteroidales","Muribaculaceae","Duncaniella","dubosii"
"OTU121","Bacteria","Bacteroidota","Bacteroidia","Bacteroidales","Muribaculaceae","Duncaniella","uncl_Duncaniella"
"OTU3412","Bacteria","Bacillota","Clostridia","Eubacteriales","Oscillospiraceae","Acutalibacter","muris"
"OTU40","Bacteria","Bacteroidota","Bacteroidia","Bacteroidales","Muribaculaceae","uncl_Muribaculaceae","uncl_Muribaculaceae"
"OTU642","Bacteria","Bacillota","Bacilli","Lactobacillales","Lactobacillaceae","Lactobacillus","uncl_Lactobacillus"
"OTU1","Bacteria","Bacillota","Bacilli","Lactobacillales","Lactobacillaceae","Lactobacillus","uncl_Lactobacillus"
"OTU4","Bacteria","Bacillota","Bacilli","Lactobacillales","Lactobacillaceae","Limosilactobacillus","uncl_Limosilactobacillus"
"OTU95","Bacteria","Bacteroidota","Bacteroidia","Bacteroidales","Muribaculaceae","Muribaculum","gordoncarteri"
"OTU270","Bacteria","Bacillota","Clostridia","uncl_Clostridia","uncl_Clostridia","uncl_Clostridia","uncl_Clostridia"
"OTU129","Bacteria","Bacillota","Clostridia","Eubacteriales","Oscillospiraceae","uncl_Oscillospiraceae","uncl_Oscillospiraceae"
"OTU55","Bacteria","Bacteroidota","Bacteroidia","Bacteroidales","Bacteroidaceae","Bacteroides","acidifaciens"
"OTU120","Bacteria","Bacillota","Clostridia","Eubacteriales","Lachnospiraceae","uncl_Lachnospiraceae","uncl_Lachnospiraceae"
"OTU3","Bacteria","Bacillota","Bacilli","Lactobacillales","Lactobacillaceae","Ligilactobacillus","uncl_Ligilactobacillus"
"OTU62","Bacteria","Bacteroidota","Bacteroidia","Bacteroidales","Muribaculaceae","uncl_Muribaculaceae","uncl_Muribaculaceae"
"OTU180","Bacteria","Bacillota","Erysipelotrichia","uncl_Erysipelotrichia","uncl_Erysipelotrichia","uncl_Erysipelotrichia","uncl_Erysipelotrichia"
"OTU155","Bacteria","Bacteroidota","Bacteroidia","Bacteroidales","Muribaculaceae","uncl_Muribaculaceae","uncl_Muribaculaceae"
"OTU11","Bacteria","Bacillota","Erysipelotrichia","Erysipelotrichales","Erysipelotrichaceae","Ileibacterium","valens"
"OTU244","Bacteria","Bacillota","Clostridia","Eubacteriales","Lachnospiraceae","uncl_Lachnospiraceae","uncl_Lachnospiraceae"
"OTU1244","Bacteria","Bacillota","Bacilli","Lactobacillales","Lactobacillaceae","Ligilactobacillus","uncl_Ligilactobacillus"
"OTU457","Bacteria","Bacillota","Clostridia","Eubacteriales","Lachnospiraceae","uncl_Lachnospiraceae","uncl_Lachnospiraceae"
"OTU56","Bacteria","Bacillota","Clostridia","Eubacteriales","Lachnospiraceae","uncl_Lachnospiraceae","uncl_Lachnospiraceae"
"OTU77","Bacteria","Actinomycetota","Coriobacteriia","Eggerthellales","Eggerthellaceae","Adlercreutzia","caecimuris"
"OTU82","Bacteria","Bacteroidota","Bacteroidia","Bacteroidales","Muribaculaceae","uncl_Muribaculaceae","uncl_Muribaculaceae"
"OTU99","Bacteria","Bacillota","Clostridia","Eubacteriales","Lachnospiraceae","Schaedlerella","arabinosiphila"
"OTU295","Bacteria","Bacillota","Clostridia","Eubacteriales","Lachnospiraceae","uncl_Lachnospiraceae","uncl_Lachnospiraceae"
"OTU96","Bacteria","Bacillota","Clostridia","Eubacteriales","Lachnospiraceae","uncl_Lachnospiraceae","uncl_Lachnospiraceae"
"OTU53","Bacteria","Bacteroidota","Bacteroidia","Bacteroidales","Muribaculaceae","Muribaculum","intestinale"
"OTU17","Bacteria","Bacteroidota","Bacteroidia","Bacteroidales","Muribaculaceae","uncl_Muribaculaceae","uncl_Muribaculaceae"
"OTU160","Bacteria","Bacteroidota","Bacteroidia","Bacteroidales","Muribaculaceae","uncl_Muribaculaceae","uncl_Muribaculaceae"
"OTU337","Bacteria","Bacillota","uncl_Bacillota","uncl_Bacillota","uncl_Bacillota","uncl_Bacillota","uncl_Bacillota"
"OTU42","Bacteria","Bacteroidota","Bacteroidia","Bacteroidales","uncl_Bacteroidales","uncl_Bacteroidales","uncl_Bacteroidales"
"OTU117","Bacteria","Bacteroidota","Bacteroidia","Bacteroidales","Muribaculaceae","uncl_Muribaculaceae","uncl_Muribaculaceae"
"OTU218","Bacteria","Bacillota","uncl_Bacillota","uncl_Bacillota","uncl_Bacillota","uncl_Bacillota","uncl_Bacillota"
"OTU38","Bacteria","Bacteroidota","Bacteroidia","Bacteroidales","Rikenellaceae","Alistipes","uncl_Alistipes"
"OTU281","Bacteria","Bacillota","Clostridia","Eubacteriales","Lachnospiraceae","uncl_Lachnospiraceae","uncl_Lachnospiraceae"
"OTU36","Bacteria","Bacillota","Clostridia","Eubacteriales","Clostridiaceae 1","Clostridium sensu stricto","uncl_Clostridium sensu stricto"
"OTU69","Bacteria","Bacillota","Clostridia","Eubacteriales","Oscillospiraceae","Vescimonas","uncl_Vescimonas"
"OTU2381","Bacteria","Bacteroidota","Bacteroidia","Bacteroidales","Rikenellaceae","Alistipes","uncl_Alistipes"
"OTU24","Bacteria","Actinomycetota","Actinobacteria","Bifidobacteriales","Bifidobacteriaceae","Bifidobacterium","uncl_Bifidobacterium"
"OTU3387","Bacteria","Bacillota","Clostridia","Eubacteriales","Lachnospiraceae","uncl_Lachnospiraceae","uncl_Lachnospiraceae"
"OTU2730","Bacteria","Bacillota","Clostridia","Eubacteriales","Oscillospiraceae","uncl_Oscillospiraceae","uncl_Oscillospiraceae"
"OTU828","Bacteria","Bacillota","Clostridia","Eubacteriales","Lachnospiraceae","uncl_Lachnospiraceae","uncl_Lachnospiraceae"
"OTU106","Bacteria","Bacillota","Clostridia","Eubacteriales","Lachnospiraceae","uncl_Lachnospiraceae","uncl_Lachnospiraceae"
"OTU297","Bacteria","Bacillota","Clostridia","Eubacteriales","Lachnospiraceae","uncl_Lachnospiraceae","uncl_Lachnospiraceae"
"OTU52","Bacteria","Bacteroidota","Bacteroidia","Bacteroidales","Bacteroidaceae","Bacteroides","uncl_Bacteroides"
"OTU152","Bacteria","Bacillota","uncl_Bacillota","uncl_Bacillota","uncl_Bacillota","uncl_Bacillota","uncl_Bacillota"
"OTU214","Bacteria","Bacillota","uncl_Bacillota","uncl_Bacillota","uncl_Bacillota","uncl_Bacillota","uncl_Bacillota"
"OTU1066","Bacteria","Bacillota","Erysipelotrichia","Erysipelotrichales","Erysipelotrichaceae","uncl_Erysipelotrichaceae","uncl_Erysipelotrichaceae"
"OTU34","Bacteria","Bacillota","Bacilli","Lactobacillales","Streptococcaceae","Streptococcus","danieliae"
"OTU16","Bacteria","Bacteroidota","Bacteroidia","Bacteroidales","Porphyromonadaceae","Parabacteroides","distasonis"
"OTU3024","Bacteria","Bacteroidota","Bacteroidia","Bacteroidales","Prevotellaceae","uncl_Prevotellaceae","uncl_Prevotellaceae"
"OTU39","Bacteria","Bacteroidota","Bacteroidia","Bacteroidales","Rikenellaceae","Alistipes","uncl_Alistipes"
"OTU175","Bacteria","Bacteroidota","Bacteroidia","Bacteroidales","Muribaculaceae","uncl_Muribaculaceae","uncl_Muribaculaceae"
"OTU395","Bacteria","Bacillota","Clostridia","Eubacteriales","uncl_Eubacteriales","uncl_Eubacteriales","uncl_Eubacteriales"
"OTU267","Bacteria","Bacillota","Clostridia","Eubacteriales","Lachnospiraceae","uncl_Lachnospiraceae","uncl_Lachnospiraceae"
"OTU134","Bacteria","Bacillota","Clostridia","Eubacteriales","Lachnospiraceae","uncl_Lachnospiraceae","uncl_Lachnospiraceae"
"OTU104","Bacteria","Bacillota","Clostridia","uncl_Clostridia","uncl_Clostridia","uncl_Clostridia","uncl_Clostridia"
"OTU230","Bacteria","Bacillota","Clostridia","Eubacteriales","uncl_Eubacteriales","uncl_Eubacteriales","uncl_Eubacteriales"
"OTU2241","Bacteria","Bacillota","Clostridia","Eubacteriales","Clostridiaceae 1","Clostridium sensu stricto","uncl_Clostridium sensu stricto"
"OTU2","Bacteria","Bacillota","Erysipelotrichia","Erysipelotrichales","Erysipelotrichaceae","uncl_Erysipelotrichaceae","uncl_Erysipelotrichaceae"
"OTU1915","Bacteria","Bacillota","Bacilli","Lactobacillales","Lactobacillaceae","Limosilactobacillus","uncl_Limosilactobacillus"
"OTU184","Bacteria","Bacillota","Clostridia","Eubacteriales","Oscillospiraceae","Ruminococcus","uncl_Ruminococcus"
"OTU138","Bacteria","Bacteroidota","Bacteroidia","Bacteroidales","Muribaculaceae","uncl_Muribaculaceae","uncl_Muribaculaceae"
"OTU3361","Bacteria","Bacteroidota","Bacteroidia","Bacteroidales","uncl_Bacteroidales","uncl_Bacteroidales","uncl_Bacteroidales"
"OTU3016","Bacteria","Bacteroidota","Bacteroidia","Bacteroidales","Porphyromonadaceae","Parabacteroides","uncl_Parabacteroides"
"OTU148","Bacteria","Bacillota","Clostridia","Eubacteriales","uncl_Eubacteriales","uncl_Eubacteriales","uncl_Eubacteriales"
"OTU26","Bacteria","Bacillota","Clostridia","Eubacteriales","Peptostreptococcaceae","Romboutsia","uncl_Romboutsia"
"OTU207","Bacteria","Bacillota","Clostridia","Eubacteriales","Eubacteriales_incertae_sedis_XIII","Ihubacter","uncl_Ihubacter"
"OTU195","Bacteria","Mycoplasmatota","Mollicutes","Anaeroplasmatales","Anaeroplasmataceae","Anaeroplasma","uncl_Anaeroplasma"
"OTU22","Bacteria","Actinomycetota","Coriobacteriia","Coriobacteriales","uncl_Coriobacteriales","uncl_Coriobacteriales","uncl_Coriobacteriales"
"OTU103","Bacteria","Bacillota","Clostridia","Eubacteriales","Lachnospiraceae","uncl_Lachnospiraceae","uncl_Lachnospiraceae"
"OTU199","Bacteria","Bacillota","Clostridia","Eubacteriales","Lachnospiraceae","uncl_Lachnospiraceae","uncl_Lachnospiraceae"
"OTU76","Bacteria","Bacillota","Clostridia","Eubacteriales","Lachnospiraceae","uncl_Lachnospiraceae","uncl_Lachnospiraceae"
"OTU146","Bacteria","Bacillota","uncl_Bacillota","uncl_Bacillota","uncl_Bacillota","uncl_Bacillota","uncl_Bacillota"
"OTU28","Bacteria","Bacillota","Clostridia","Eubacteriales","Lachnospiraceae","Dorea","uncl_Dorea"
"OTU183","Bacteria","Bacillota","Clostridia","Eubacteriales","Lachnospiraceae","uncl_Lachnospiraceae","uncl_Lachnospiraceae"
"OTU21","Bacteria","Bacteroidota","Bacteroidia","Bacteroidales","Porphyromonadaceae","Parabacteroides","uncl_Parabacteroides"
"OTU235","Bacteria","Actinomycetota","Coriobacteriia","Eggerthellales","Eggerthellaceae","uncl_Eggerthellaceae","uncl_Eggerthellaceae"
"OTU429","Bacteria","Bacillota","uncl_Bacillota","uncl_Bacillota","uncl_Bacillota","uncl_Bacillota","uncl_Bacillota"
"OTU1502","Bacteria","Bacillota","Clostridia","Eubacteriales","Lachnospiraceae","uncl_Lachnospiraceae","uncl_Lachnospiraceae"
"OTU2920","Bacteria","Bacillota","Clostridia","Eubacteriales","Lachnospiraceae","uncl_Lachnospiraceae","uncl_Lachnospiraceae"
"OTU319","Bacteria","Bacillota","Erysipelotrichia","Erysipelotrichales","Erysipelotrichaceae","uncl_Erysipelotrichaceae","uncl_Erysipelotrichaceae"
"OTU224","Bacteria","Candidatus Saccharibacteria","uncl_Candidatus Saccharibacteria","uncl_Candidatus Saccharibacteria","uncl_Candidatus Saccharibacteria","Saccharibacteria_genera_incertae_sedis","uncl_Saccharibacteria_genera_incertae_sedis"
"OTU286","Bacteria","Bacillota","Clostridia","Eubacteriales","Lachnospiraceae","uncl_Lachnospiraceae","uncl_Lachnospiraceae"
"OTU93","Bacteria","Bacillota","Clostridia","Eubacteriales","Lachnospiraceae","Anaerotignum","uncl_Anaerotignum"
"OTU166","Bacteria","Bacillota","Clostridia","Eubacteriales","Lachnospiraceae","uncl_Lachnospiraceae","uncl_Lachnospiraceae"
"OTU156","Bacteria","Bacillota","Clostridia","Eubacteriales","Lachnospiraceae","Laedolimicola","ammoniilytica"
"OTU161","Bacteria","Bacillota","Clostridia","Eubacteriales","Lachnospiraceae","uncl_Lachnospiraceae","uncl_Lachnospiraceae"
"OTU252","Bacteria","Bacillota","Clostridia","Eubacteriales","Oscillospiraceae","uncl_Oscillospiraceae","uncl_Oscillospiraceae"
"OTU101","Bacteria","Bacteroidota","Bacteroidia","Bacteroidales","uncl_Bacteroidales","uncl_Bacteroidales","uncl_Bacteroidales"
"OTU559","Bacteria","Bacillota","Clostridia","Eubacteriales","Lachnospiraceae","uncl_Lachnospiraceae","uncl_Lachnospiraceae"
"OTU4525","Bacteria","Bacteroidota","Bacteroidia","Bacteroidales","Muribaculaceae","uncl_Muribaculaceae","uncl_Muribaculaceae"
"OTU157","Bacteria","Bacillota","Clostridia","Eubacteriales","Lachnospiraceae","uncl_Lachnospiraceae","uncl_Lachnospiraceae"
"OTU48","Bacteria","Bacteroidota","Bacteroidia","Bacteroidales","uncl_Bacteroidales","uncl_Bacteroidales","uncl_Bacteroidales"
"OTU210","Bacteria","Actinomycetota","Coriobacteriia","Eggerthellales","Eggerthellaceae","uncl_Eggerthellaceae","uncl_Eggerthellaceae"
"OTU185","Bacteria","Bacillota","Clostridia","Eubacteriales","Lachnospiraceae","uncl_Lachnospiraceae","uncl_Lachnospiraceae"
"OTU203","Bacteria","Bacillota","Clostridia","Eubacteriales","Oscillospiraceae","uncl_Oscillospiraceae","uncl_Oscillospiraceae"
"OTU61","Bacteria","Bacillota","Clostridia","Eubacteriales","Oscillospiraceae","Flintibacter","uncl_Flintibacter"
"OTU4827","Bacteria","Bacillota","Clostridia","Eubacteriales","Lachnospiraceae","uncl_Lachnospiraceae","uncl_Lachnospiraceae"
"OTU4806","Bacteria","Bacillota","Clostridia","Eubacteriales","Oscillospiraceae","uncl_Oscillospiraceae","uncl_Oscillospiraceae"
"OTU2814","Bacteria","Bacillota","Clostridia","Eubacteriales","Lachnospiraceae","Sporofaciens","musculi"
"OTU227","Bacteria","Bacteroidota","Bacteroidia","Bacteroidales","Muribaculaceae","uncl_Muribaculaceae","uncl_Muribaculaceae"
"OTU168","Bacteria","Bacillota","Clostridia","Eubacteriales","Lachnospiraceae","uncl_Lachnospiraceae","uncl_Lachnospiraceae"
"OTU328","Bacteria","Bacillota","Clostridia","Eubacteriales","Lachnospiraceae","uncl_Lachnospiraceae","uncl_Lachnospiraceae"
"OTU18","Bacteria","Bacteroidota","Bacteroidia","Bacteroidales","Muribaculaceae","Paramuribaculum","intestinale"
"OTU141","Bacteria","Bacillota","Clostridia","Eubacteriales","Lachnospiraceae","uncl_Lachnospiraceae","uncl_Lachnospiraceae"
"OTU272","Bacteria","Bacillota","Clostridia","Eubacteriales","Lachnospiraceae","uncl_Lachnospiraceae","uncl_Lachnospiraceae"
"OTU3506","Bacteria","Bacillota","Clostridia","Eubacteriales","Oscillospiraceae","uncl_Oscillospiraceae","uncl_Oscillospiraceae"
"OTU41","Bacteria","Pseudomonadota","Deltaproteobacteria","Desulfovibrionales","Desulfovibrionaceae","uncl_Desulfovibrionaceae","uncl_Desulfovibrionaceae"
"OTU178","Bacteria","Bacillota","Clostridia","Eubacteriales","Oscillospiraceae","uncl_Oscillospiraceae","uncl_Oscillospiraceae"
"OTU2053","Bacteria","Bacillota","Clostridia","Eubacteriales","Oscillospiraceae","Neglecta","uncl_Neglecta"
"OTU127","Bacteria","Bacillota","uncl_Bacillota","uncl_Bacillota","uncl_Bacillota","uncl_Bacillota","uncl_Bacillota"
"OTU206","Bacteria","Bacillota","uncl_Bacillota","uncl_Bacillota","uncl_Bacillota","uncl_Bacillota","uncl_Bacillota"
"OTU142","Bacteria","Bacillota","Clostridia","uncl_Clostridia","uncl_Clostridia","uncl_Clostridia","uncl_Clostridia"
"OTU761","Bacteria","Bacillota","Clostridia","Eubacteriales","Lachnospiraceae","uncl_Lachnospiraceae","uncl_Lachnospiraceae"
"OTU163","Bacteria","Bacillota","Clostridia","Eubacteriales","Lachnospiraceae","uncl_Lachnospiraceae","uncl_Lachnospiraceae"
"OTU852","Bacteria","Bacillota","Clostridia","Eubacteriales","Lachnospiraceae","uncl_Lachnospiraceae","uncl_Lachnospiraceae"
"OTU944","Bacteria","Bacillota","Clostridia","Eubacteriales","Lachnospiraceae","uncl_Lachnospiraceae","uncl_Lachnospiraceae"
"OTU44","Bacteria","Bacillota","Clostridia","Eubacteriales","Oscillospiraceae","uncl_Oscillospiraceae","uncl_Oscillospiraceae"
"OTU150","Bacteria","Bacillota","Clostridia","Eubacteriales","Oscillospiraceae","uncl_Oscillospiraceae","uncl_Oscillospiraceae"
"OTU45","Bacteria","Bacillota","Clostridia","Eubacteriales","Lachnospiraceae","uncl_Lachnospiraceae","uncl_Lachnospiraceae"
"OTU1149","Bacteria","Bacillota","Clostridia","Eubacteriales","Lachnospiraceae","uncl_Lachnospiraceae","uncl_Lachnospiraceae"
"OTU273","Bacteria","Bacillota","Clostridia","Eubacteriales","uncl_Eubacteriales","uncl_Eubacteriales","uncl_Eubacteriales"
"OTU31","Bacteria","Bacteroidota","Bacteroidia","Bacteroidales","Rikenellaceae","Alistipes","uncl_Alistipes"
"OTU387","Bacteria","Bacillota","Clostridia","Eubacteriales","Oscillospiraceae","uncl_Oscillospiraceae","uncl_Oscillospiraceae"
"OTU15","Bacteria","Bacteroidota","Bacteroidia","Bacteroidales","Muribaculaceae","uncl_Muribaculaceae","uncl_Muribaculaceae"
"OTU309","Bacteria","Bacillota","uncl_Bacillota","uncl_Bacillota","uncl_Bacillota","uncl_Bacillota","uncl_Bacillota"
"OTU914","Bacteria","Bacillota","Clostridia","Eubacteriales","Lachnospiraceae","uncl_Lachnospiraceae","uncl_Lachnospiraceae"
"OTU139","Bacteria","Bacillota","Clostridia","Eubacteriales","Oscillospiraceae","Vescimonas","uncl_Vescimonas"
"OTU245","Bacteria","Bacteroidota","Bacteroidia","Bacteroidales","Odoribacteraceae","Odoribacter","splanchnicus"
"OTU4708","Bacteria","Bacillota","Clostridia","Eubacteriales","Oscillospiraceae","uncl_Oscillospiraceae","uncl_Oscillospiraceae"
"OTU426","Bacteria","Bacillota","Erysipelotrichia","Erysipelotrichales","uncl_Erysipelotrichales","uncl_Erysipelotrichales","uncl_Erysipelotrichales"
"OTU125","Bacteria","Bacillota","Clostridia","Eubacteriales","Lachnospiraceae","uncl_Lachnospiraceae","uncl_Lachnospiraceae"
"OTU188","Bacteria","Pseudomonadota","Alphaproteobacteria","Rhodospirillales","uncl_Rhodospirillales","uncl_Rhodospirillales","uncl_Rhodospirillales"
"OTU187","Bacteria","Bacillota","Clostridia","Eubacteriales","Oscillospiraceae","uncl_Oscillospiraceae","uncl_Oscillospiraceae"
"OTU3207","Bacteria","Bacillota","Clostridia","Eubacteriales","Lachnospiraceae","uncl_Lachnospiraceae","uncl_Lachnospiraceae"
"OTU3979","Bacteria","Bacillota","Clostridia","Eubacteriales","Lachnospiraceae","uncl_Lachnospiraceae","uncl_Lachnospiraceae"
"OTU1025","Bacteria","Bacillota","Clostridia","Eubacteriales","Oscillospiraceae","uncl_Oscillospiraceae","uncl_Oscillospiraceae"
"OTU3701","Bacteria","Bacillota","Clostridia","Eubacteriales","Lachnospiraceae","uncl_Lachnospiraceae","uncl_Lachnospiraceae"
"OTU43","Bacteria","Pseudomonadota","Deltaproteobacteria","Desulfovibrionales","Desulfovibrionaceae","Desulfovibrio","uncl_Desulfovibrio"
"OTU80","Bacteria","Bacteroidota","Bacteroidia","Bacteroidales","uncl_Bacteroidales","uncl_Bacteroidales","uncl_Bacteroidales"
"OTU182","Bacteria","Bacillota","Clostridia","Eubacteriales","Lachnospiraceae","uncl_Lachnospiraceae","uncl_Lachnospiraceae"
"OTU112","Bacteria","Bacteroidota","Bacteroidia","Bacteroidales","Bacteroidaceae","Bacteroides","caecimuris"
"OTU159","Bacteria","Bacillota","Clostridia","Eubacteriales","Lachnospiraceae","uncl_Lachnospiraceae","uncl_Lachnospiraceae"
"OTU462","Bacteria","Bacillota","Clostridia","uncl_Clostridia","uncl_Clostridia","uncl_Clostridia","uncl_Clostridia"
"OTU105","Bacteria","Bacillota","Clostridia","Eubacteriales","Lachnospiraceae","uncl_Lachnospiraceae","uncl_Lachnospiraceae"
"OTU3299","Bacteria","Bacillota","Clostridia","Eubacteriales","Oscillospiraceae","uncl_Oscillospiraceae","uncl_Oscillospiraceae"
"OTU226","Bacteria","Bacillota","Clostridia","Eubacteriales","Oscillospiraceae","uncl_Oscillospiraceae","uncl_Oscillospiraceae"
"OTU25","Bacteria","Pseudomonadota","Betaproteobacteria","Burkholderiales","Sutterellaceae","uncl_Sutterellaceae","uncl_Sutterellaceae"
"OTU86","Bacteria","Bacillota","Clostridia","Eubacteriales","Oscillospiraceae","Lawsonibacter","uncl_Lawsonibacter"
"OTU239","Bacteria","Campylobacterota","Campylobacteria","Campylobacterales","Helicobacteraceae","Helicobacter","mastomyrinus"
"OTU90","Bacteria","Bacteroidota","Bacteroidia","Bacteroidales","uncl_Bacteroidales","uncl_Bacteroidales","uncl_Bacteroidales"
"OTU204","Bacteria","Bacillota","Clostridia","Eubacteriales","Oscillospiraceae","uncl_Oscillospiraceae","uncl_Oscillospiraceae"
"OTU172","Bacteria","Bacillota","Clostridia","Eubacteriales","Lachnospiraceae","uncl_Lachnospiraceae","uncl_Lachnospiraceae"
"OTU425","Bacteria","Bacillota","Clostridia","Eubacteriales","Lachnospiraceae","uncl_Lachnospiraceae","uncl_Lachnospiraceae"
"OTU238","Bacteria","Bacillota","Clostridia","Eubacteriales","Lachnospiraceae","uncl_Lachnospiraceae","uncl_Lachnospiraceae"
"OTU198","Bacteria","Bacillota","Clostridia","Eubacteriales","Lachnospiraceae","uncl_Lachnospiraceae","uncl_Lachnospiraceae"
"OTU100","Bacteria","Bacillota","Clostridia","Eubacteriales","Oscillospiraceae","uncl_Oscillospiraceae","uncl_Oscillospiraceae"
"OTU291","Bacteria","Bacillota","Clostridia","Eubacteriales","Oscillospiraceae","uncl_Oscillospiraceae","uncl_Oscillospiraceae"
"OTU2352","Bacteria","Bacillota","Clostridia","Eubacteriales","Lachnospiraceae","uncl_Lachnospiraceae","uncl_Lachnospiraceae"
"OTU135","Bacteria","Actinomycetota","Coriobacteriia","Eggerthellales","Eggerthellaceae","Adlercreutzia","caecicola"
"OTU153","Bacteria","Bacteroidota","Bacteroidia","Bacteroidales","Muribaculaceae","Duncaniella","freteri"
"OTU330","Bacteria","Bacillota","uncl_Bacillota","uncl_Bacillota","uncl_Bacillota","uncl_Bacillota","uncl_Bacillota"
"OTU174","Bacteria","Bacillota","Clostridia","Eubacteriales","Lachnospiraceae","uncl_Lachnospiraceae","uncl_Lachnospiraceae"
"OTU362","Bacteria","Bacillota","uncl_Bacillota","uncl_Bacillota","uncl_Bacillota","uncl_Bacillota","uncl_Bacillota"
"OTU589","Bacteria","Bacillota","Clostridia","Eubacteriales","Oscillospiraceae","uncl_Oscillospiraceae","uncl_Oscillospiraceae"
"OTU4852","Bacteria","Bacillota","Erysipelotrichia","Erysipelotrichales","Erysipelotrichaceae","Faecalibaculum","rodentium"
"OTU253","Bacteria","Actinomycetota","Coriobacteriia","Eggerthellales","Eggerthellaceae","uncl_Eggerthellaceae","uncl_Eggerthellaceae"
"OTU346","Bacteria","Bacillota","Clostridia","Eubacteriales","Lachnospiraceae","uncl_Lachnospiraceae","uncl_Lachnospiraceae"
"OTU2153","Bacteria","Bacillota","Clostridia","Eubacteriales","Oscillospiraceae","uncl_Oscillospiraceae","uncl_Oscillospiraceae"
"OTU384","Bacteria","Bacillota","Clostridia","uncl_Clostridia","uncl_Clostridia","uncl_Clostridia","uncl_Clostridia"
"OTU228","Bacteria","Bacteroidota","Bacteroidia","Bacteroidales","Muribaculaceae","uncl_Muribaculaceae","uncl_Muribaculaceae"
"OTU181","Bacteria","Bacillota","Clostridia","Eubacteriales","Lachnospiraceae","uncl_Lachnospiraceae","uncl_Lachnospiraceae"
"OTU255","Bacteria","Bacillota","Clostridia","Eubacteriales","Oscillospiraceae","Fumia","uncl_Fumia"
"OTU1041","Bacteria","Bacillota","Clostridia","Eubacteriales","uncl_Eubacteriales","uncl_Eubacteriales","uncl_Eubacteriales"
"OTU757","Bacteria","Bacillota","Clostridia","Eubacteriales","Oscillospiraceae","uncl_Oscillospiraceae","uncl_Oscillospiraceae"
"OTU231","Bacteria","Bacillota","Clostridia","Eubacteriales","Lachnospiraceae","uncl_Lachnospiraceae","uncl_Lachnospiraceae"
"OTU389","Bacteria","Bacillota","Clostridia","Eubacteriales","Oscillospiraceae","uncl_Oscillospiraceae","uncl_Oscillospiraceae"
"OTU4273","Bacteria","Actinomycetota","Coriobacteriia","Eggerthellales","Eggerthellaceae","uncl_Eggerthellaceae","uncl_Eggerthellaceae"
"OTU4989","Bacteria","Bacteroidota","Bacteroidia","Bacteroidales","Muribaculaceae","uncl_Muribaculaceae","uncl_Muribaculaceae"
"OTU284","Bacteria","Bacillota","uncl_Bacillota","uncl_Bacillota","uncl_Bacillota","uncl_Bacillota","uncl_Bacillota"
"OTU179","Bacteria","Bacillota","Clostridia","Eubacteriales","Lachnospiraceae","uncl_Lachnospiraceae","uncl_Lachnospiraceae"
"OTU1386","Bacteria","Bacillota","Clostridia","Eubacteriales","Lachnospiraceae","uncl_Lachnospiraceae","uncl_Lachnospiraceae"
"OTU177","Bacteria","Bacillota","Clostridia","Eubacteriales","Lachnospiraceae","Roseburia","uncl_Roseburia"
"OTU632","Bacteria","Bacillota","uncl_Bacillota","uncl_Bacillota","uncl_Bacillota","uncl_Bacillota","uncl_Bacillota"
"OTU3366","Bacteria","Bacillota","Clostridia","Eubacteriales","Lachnospiraceae","uncl_Lachnospiraceae","uncl_Lachnospiraceae"
"OTU68","Bacteria","Bacillota","Clostridia","Eubacteriales","Lachnospiraceae","uncl_Lachnospiraceae","uncl_Lachnospiraceae"
"OTU260","Bacteria","Bacillota","Clostridia","Eubacteriales","Oscillospiraceae","Ruthenibacterium","lactatiformans"
"OTU404","Bacteria","Bacillota","Clostridia","Eubacteriales","Oscillospiraceae","uncl_Oscillospiraceae","uncl_Oscillospiraceae"
"OTU422","Bacteria","Bacillota","uncl_Bacillota","uncl_Bacillota","uncl_Bacillota","uncl_Bacillota","uncl_Bacillota"
"OTU254","Bacteria","Bacillota","Clostridia","Eubacteriales","Lachnospiraceae","uncl_Lachnospiraceae","uncl_Lachnospiraceae"
"OTU124","Bacteria","Bacillota","Clostridia","Eubacteriales","Lachnospiraceae","uncl_Lachnospiraceae","uncl_Lachnospiraceae"
"OTU165","Bacteria","Bacillota","Clostridia","Eubacteriales","Oscillospiraceae","uncl_Oscillospiraceae","uncl_Oscillospiraceae"
"OTU341","Bacteria","Bacillota","Clostridia","Eubacteriales","Oscillospiraceae","uncl_Oscillospiraceae","uncl_Oscillospiraceae"
"OTU108","Bacteria","Bacteroidota","Bacteroidia","Bacteroidales","Muribaculaceae","uncl_Muribaculaceae","uncl_Muribaculaceae"
"OTU293","Bacteria","Bacillota","Clostridia","Eubacteriales","Lachnospiraceae","uncl_Lachnospiraceae","uncl_Lachnospiraceae"
"OTU154","Bacteria","Bacillota","Clostridia","Eubacteriales","Oscillospiraceae","uncl_Oscillospiraceae","uncl_Oscillospiraceae"
"OTU250","Bacteria","Bacteroidota","Bacteroidia","Bacteroidales","Rikenellaceae","Alistipes","hominis"
"OTU60","Bacteria","Bacteroidota","Bacteroidia","Bacteroidales","Odoribacteraceae","Odoribacter","splanchnicus"
"OTU133","Bacteria","Bacteroidota","Bacteroidia","Bacteroidales","Rikenellaceae","Alistipes","uncl_Alistipes"
"OTU145","Bacteria","Bacillota","Clostridia","Eubacteriales","Lachnospiraceae","uncl_Lachnospiraceae","uncl_Lachnospiraceae"
"OTU262","Bacteria","Bacillota","Clostridia","Eubacteriales","Oscillospiraceae","uncl_Oscillospiraceae","uncl_Oscillospiraceae"
"OTU196","Bacteria","Bacillota","Clostridia","Eubacteriales","Lachnospiraceae","uncl_Lachnospiraceae","uncl_Lachnospiraceae"
"OTU81","Bacteria","Bacillota","Clostridia","Eubacteriales","Lachnospiraceae","Acetatifactor","uncl_Acetatifactor"
"OTU147","Bacteria","Bacillota","Clostridia","Eubacteriales","Oscillospiraceae","uncl_Oscillospiraceae","uncl_Oscillospiraceae"
"OTU475","Bacteria","Bacillota","uncl_Bacillota","uncl_Bacillota","uncl_Bacillota","uncl_Bacillota","uncl_Bacillota"
"OTU322","Bacteria","Bacillota","Clostridia","Eubacteriales","Lachnospiraceae","uncl_Lachnospiraceae","uncl_Lachnospiraceae"
"OTU347","Bacteria","Bacillota","Clostridia","Eubacteriales","Christensenellaceae","uncl_Christensenellaceae","uncl_Christensenellaceae"
"OTU232","Bacteria","Bacillota","Clostridia","Eubacteriales","Lachnospiraceae","uncl_Lachnospiraceae","uncl_Lachnospiraceae"
"OTU261","Bacteria","Bacillota","Clostridia","Eubacteriales","Oscillospiraceae","uncl_Oscillospiraceae","uncl_Oscillospiraceae"
"OTU176","Bacteria","Bacillota","Clostridia","Eubacteriales","Lachnospiraceae","uncl_Lachnospiraceae","uncl_Lachnospiraceae"
"OTU35","Bacteria","Bacillota","Clostridia","Eubacteriales","Lachnospiraceae","uncl_Lachnospiraceae","uncl_Lachnospiraceae"
"OTU2942","Bacteria","Bacillota","Clostridia","Eubacteriales","Oscillospiraceae","uncl_Oscillospiraceae","uncl_Oscillospiraceae"
"OTU625","Bacteria","Bacillota","Clostridia","Eubacteriales","Oscillospiraceae","uncl_Oscillospiraceae","uncl_Oscillospiraceae"
"OTU2121","Bacteria","Pseudomonadota","Deltaproteobacteria","Desulfovibrionales","Desulfovibrionaceae","Desulfovibrio","uncl_Desulfovibrio"
"OTU4410","Bacteria","Bacillota","Clostridia","uncl_Clostridia","uncl_Clostridia","uncl_Clostridia","uncl_Clostridia"
"OTU170","Bacteria","Bacillota","Clostridia","Eubacteriales","Lachnospiraceae","uncl_Lachnospiraceae","uncl_Lachnospiraceae"
"OTU296","Bacteria","Bacillota","uncl_Bacillota","uncl_Bacillota","uncl_Bacillota","uncl_Bacillota","uncl_Bacillota"
"OTU493","Bacteria","Bacillota","uncl_Bacillota","uncl_Bacillota","uncl_Bacillota","uncl_Bacillota","uncl_Bacillota"
"OTU234","Bacteria","Actinomycetota","Coriobacteriia","Eggerthellales","Eggerthellaceae","uncl_Eggerthellaceae","uncl_Eggerthellaceae"
"OTU264","Bacteria","Bacillota","Clostridia","Eubacteriales","Lachnospiraceae","Acetatifactor","uncl_Acetatifactor"
"OTU351","Bacteria","Bacillota","Clostridia","Eubacteriales","Lachnospiraceae","uncl_Lachnospiraceae","uncl_Lachnospiraceae"
"OTU1495","Bacteria","Bacillota","Clostridia","Eubacteriales","Peptostreptococcaceae","Romboutsia","uncl_Romboutsia"
"OTU1256","Bacteria","Bacillota","Clostridia","Eubacteriales","Lachnospiraceae","uncl_Lachnospiraceae","uncl_Lachnospiraceae"
"OTU382","Bacteria","Bacillota","Clostridia","Eubacteriales","Oscillospiraceae","uncl_Oscillospiraceae","uncl_Oscillospiraceae"
"OTU1837","Bacteria","Bacillota","Clostridia","Eubacteriales","Lachnospiraceae","uncl_Lachnospiraceae","uncl_Lachnospiraceae"
"OTU381","Bacteria","Pseudomonadota","Betaproteobacteria","Burkholderiales","Sutterellaceae","Turicimonas","muris"
"OTU1173","Bacteria","Bacillota","Clostridia","uncl_Clostridia","uncl_Clostridia","uncl_Clostridia","uncl_Clostridia"
"OTU57","Bacteria","Actinomycetota","Coriobacteriia","Coriobacteriales","Atopobiaceae","Olsenella","uncl_Olsenella"
"OTU190","Bacteria","Bacillota","Clostridia","Eubacteriales","Lachnospiraceae","uncl_Lachnospiraceae","uncl_Lachnospiraceae"
"OTU3135","Bacteria","Pseudomonadota","Betaproteobacteria","Burkholderiales","Sutterellaceae","uncl_Sutterellaceae","uncl_Sutterellaceae"
"OTU452","Bacteria","Bacillota","Clostridia","Eubacteriales","Lachnospiraceae","uncl_Lachnospiraceae","uncl_Lachnospiraceae"
"OTU72","Bacteria","Bacillota","Clostridia","Eubacteriales","Lachnospiraceae","uncl_Lachnospiraceae","uncl_Lachnospiraceae"
"OTU344","Bacteria","Bacillota","Clostridia","Eubacteriales","Lachnospiraceae","uncl_Lachnospiraceae","uncl_Lachnospiraceae"
"OTU332","Bacteria","Bacillota","Clostridia","Eubacteriales","uncl_Eubacteriales","uncl_Eubacteriales","uncl_Eubacteriales"
"OTU648","Bacteria","Bacillota","uncl_Bacillota","uncl_Bacillota","uncl_Bacillota","uncl_Bacillota","uncl_Bacillota"
"OTU259","Bacteria","Bacillota","Clostridia","Eubacteriales","Lachnospiraceae","uncl_Lachnospiraceae","uncl_Lachnospiraceae"
"OTU3760","Bacteria","Bacillota","Clostridia","Eubacteriales","Lachnospiraceae","uncl_Lachnospiraceae","uncl_Lachnospiraceae"
"OTU378","Bacteria","Bacillota","Clostridia","Eubacteriales","Lachnospiraceae","uncl_Lachnospiraceae","uncl_Lachnospiraceae"
"OTU205","Bacteria","Bacillota","Clostridia","Eubacteriales","Oscillospiraceae","uncl_Oscillospiraceae","uncl_Oscillospiraceae"
"OTU854","Bacteria","Bacillota","uncl_Bacillota","uncl_Bacillota","uncl_Bacillota","uncl_Bacillota","uncl_Bacillota"
"OTU30","Bacteria","Bacillota","Clostridia","Eubacteriales","Lachnospiraceae","uncl_Lachnospiraceae","uncl_Lachnospiraceae"
"OTU595","Bacteria","Bacillota","Clostridia","Eubacteriales","Christensenellaceae","Christensenella","timonensis"
"OTU361","Bacteria","Bacillota","Clostridia","Eubacteriales","uncl_Eubacteriales","uncl_Eubacteriales","uncl_Eubacteriales"
"OTU74","Bacteria","Bacillota","Erysipelotrichia","Erysipelotrichales","Coprobacillaceae","Thomasclavelia","cocleata"
"OTU717","Bacteria","Bacillota","Clostridia","Eubacteriales","Eubacteriaceae","Anaerofustis","stercorihominis"
"OTU390","Bacteria","Bacillota","Clostridia","Eubacteriales","Oscillospiraceae","uncl_Oscillospiraceae","uncl_Oscillospiraceae"
"OTU331","Bacteria","Bacillota","Clostridia","Eubacteriales","Oscillospiraceae","uncl_Oscillospiraceae","uncl_Oscillospiraceae"
"OTU282","Bacteria","Bacillota","Clostridia","Eubacteriales","Lachnospiraceae","uncl_Lachnospiraceae","uncl_Lachnospiraceae"
"OTU221","Bacteria","Bacillota","Clostridia","Eubacteriales","Lachnospiraceae","uncl_Lachnospiraceae","uncl_Lachnospiraceae"
"OTU540","Bacteria","Bacillota","Clostridia","uncl_Clostridia","uncl_Clostridia","uncl_Clostridia","uncl_Clostridia"
"OTU283","Bacteria","Bacillota","Clostridia","Eubacteriales","Lachnospiraceae","uncl_Lachnospiraceae","uncl_Lachnospiraceae"
"OTU386","Bacteria","Bacteroidota","Bacteroidia","Bacteroidales","Rikenellaceae","Alistipes","uncl_Alistipes"
"OTU353","Bacteria","Bacillota","Clostridia","Eubacteriales","Oscillospiraceae","uncl_Oscillospiraceae","uncl_Oscillospiraceae"
"OTU394","Bacteria","Pseudomonadota","uncl_Pseudomonadota","uncl_Pseudomonadota","uncl_Pseudomonadota","uncl_Pseudomonadota","uncl_Pseudomonadota"
"OTU783","Bacteria","Bacillota","Clostridia","Eubacteriales","Lachnospiraceae","uncl_Lachnospiraceae","uncl_Lachnospiraceae"
"OTU421","Bacteria","Bacillota","Clostridia","Eubacteriales","uncl_Eubacteriales","uncl_Eubacteriales","uncl_Eubacteriales"
"OTU169","Bacteria","Bacillota","Clostridia","Eubacteriales","Lachnospiraceae","uncl_Lachnospiraceae","uncl_Lachnospiraceae"
"OTU158","Bacteria","Bacillota","Clostridia","Eubacteriales","Lachnospiraceae","uncl_Lachnospiraceae","uncl_Lachnospiraceae"
"OTU192","Bacteria","Bacillota","Clostridia","Eubacteriales","Oscillospiraceae","uncl_Oscillospiraceae","uncl_Oscillospiraceae"
"OTU315","Bacteria","Actinomycetota","Coriobacteriia","Eggerthellales","uncl_Eggerthellales","uncl_Eggerthellales","uncl_Eggerthellales"
"OTU280","Bacteria","Bacillota","Clostridia","Eubacteriales","Oscillospiraceae","uncl_Oscillospiraceae","uncl_Oscillospiraceae"
"OTU733","Bacteria","Bacillota","Clostridia","uncl_Clostridia","uncl_Clostridia","uncl_Clostridia","uncl_Clostridia"
"OTU352","Bacteria","Bacillota","Clostridia","Eubacteriales","Oscillospiraceae","uncl_Oscillospiraceae","uncl_Oscillospiraceae"
"OTU236","Bacteria","Bacillota","Clostridia","Eubacteriales","Lachnospiraceae","uncl_Lachnospiraceae","uncl_Lachnospiraceae"
"OTU336","Bacteria","Bacillota","uncl_Bacillota","uncl_Bacillota","uncl_Bacillota","uncl_Bacillota","uncl_Bacillota"
"OTU246","Bacteria","Bacillota","Erysipelotrichia","Erysipelotrichales","Erysipelotrichaceae","Longibaculum","uncl_Longibaculum"
"OTU263","Bacteria","Bacillota","Clostridia","uncl_Clostridia","uncl_Clostridia","uncl_Clostridia","uncl_Clostridia"
"OTU1258","Bacteria","Bacillota","Clostridia","Eubacteriales","Oscillospiraceae","uncl_Oscillospiraceae","uncl_Oscillospiraceae"
"OTU311","Bacteria","Bacillota","uncl_Bacillota","uncl_Bacillota","uncl_Bacillota","uncl_Bacillota","uncl_Bacillota"
"OTU304","Bacteria","Bacillota","Clostridia","Eubacteriales","Oscillospiraceae","uncl_Oscillospiraceae","uncl_Oscillospiraceae"
"OTU1261","Bacteria","Bacillota","Clostridia","Eubacteriales","Oscillospiraceae","Oscillibacter","uncl_Oscillibacter"
"OTU202","Bacteria","Bacillota","Bacilli","Lactobacillales","Streptococcaceae","Streptococcus","uncl_Streptococcus"
"OTU4532","Bacteria","Bacillota","Clostridia","Eubacteriales","Oscillospiraceae","uncl_Oscillospiraceae","uncl_Oscillospiraceae"
"OTU771","Bacteria","Bacillota","Clostridia","Eubacteriales","Lachnospiraceae","uncl_Lachnospiraceae","uncl_Lachnospiraceae"
"OTU4881","Bacteria","Bacillota","Clostridia","Eubacteriales","Lachnospiraceae","Sporofaciens","musculi"
"OTU243","Bacteria","Bacteroidota","Bacteroidia","Bacteroidales","Muribaculaceae","uncl_Muribaculaceae","uncl_Muribaculaceae"
"OTU242","Bacteria","Bacillota","Clostridia","Eubacteriales","uncl_Eubacteriales","uncl_Eubacteriales","uncl_Eubacteriales"
"OTU448","Bacteria","Bacillota","Clostridia","Eubacteriales","Christensenellaceae","Guopingia","tenuis"
"OTU4898","Bacteria","Bacillota","Clostridia","Eubacteriales","Lachnospiraceae","uncl_Lachnospiraceae","uncl_Lachnospiraceae"
"OTU4941","Bacteria","Bacillota","Clostridia","Eubacteriales","uncl_Eubacteriales","uncl_Eubacteriales","uncl_Eubacteriales"
"OTU661","Bacteria","Bacillota","Clostridia","Eubacteriales","uncl_Eubacteriales","uncl_Eubacteriales","uncl_Eubacteriales"
"OTU189","Bacteria","Bacillota","Clostridia","Eubacteriales","Lachnospiraceae","uncl_Lachnospiraceae","uncl_Lachnospiraceae"
"OTU551","Bacteria","Bacillota","Clostridia","Eubacteriales","Oscillospiraceae","uncl_Oscillospiraceae","uncl_Oscillospiraceae"
"OTU2932","Bacteria","Bacillota","Clostridia","Eubacteriales","Oscillospiraceae","uncl_Oscillospiraceae","uncl_Oscillospiraceae"
"OTU292","Bacteria","Bacillota","Clostridia","Eubacteriales","Eubacteriales_incertae_sedis_XIII","uncl_Eubacteriales_incertae_sedis_XIII","uncl_Eubacteriales_incertae_sedis_XIII"
"OTU348","Bacteria","Bacillota","Clostridia","Eubacteriales","Lachnospiraceae","uncl_Lachnospiraceae","uncl_Lachnospiraceae"
"OTU64","Bacteria","Bacillota","Clostridia","Eubacteriales","Lachnospiraceae","uncl_Lachnospiraceae","uncl_Lachnospiraceae"
"OTU307","Bacteria","Bacillota","Clostridia","Eubacteriales","Oscillospiraceae","uncl_Oscillospiraceae","uncl_Oscillospiraceae"
"OTU3951","Bacteria","Bacillota","uncl_Bacillota","uncl_Bacillota","uncl_Bacillota","uncl_Bacillota","uncl_Bacillota"
"OTU2915","Bacteria","Bacillota","Clostridia","uncl_Clostridia","uncl_Clostridia","uncl_Clostridia","uncl_Clostridia"
"OTU320","Bacteria","Bacillota","Clostridia","Eubacteriales","Oscillospiraceae","uncl_Oscillospiraceae","uncl_Oscillospiraceae"
"OTU209","Bacteria","Bacillota","Clostridia","Eubacteriales","Lachnospiraceae","uncl_Lachnospiraceae","uncl_Lachnospiraceae"
"OTU393","Bacteria","Bacillota","Clostridia","Eubacteriales","Oscillospiraceae","uncl_Oscillospiraceae","uncl_Oscillospiraceae"
"OTU2744","Bacteria","Bacillota","Clostridia","Eubacteriales","Lachnospiraceae","uncl_Lachnospiraceae","uncl_Lachnospiraceae"
"OTU1745","Bacteria","Bacillota","Clostridia","Eubacteriales","Oscillospiraceae","uncl_Oscillospiraceae","uncl_Oscillospiraceae"
"OTU114","Bacteria","Bacillota","Clostridia","Eubacteriales","Oscillospiraceae","uncl_Oscillospiraceae","uncl_Oscillospiraceae"
"OTU3583","Bacteria","Bacillota","Clostridia","Eubacteriales","Lachnospiraceae","uncl_Lachnospiraceae","uncl_Lachnospiraceae"
"OTU977","Bacteria","Bacillota","Clostridia","Eubacteriales","Lachnospiraceae","uncl_Lachnospiraceae","uncl_Lachnospiraceae"
"OTU289","Bacteria","Bacillota","uncl_Bacillota","uncl_Bacillota","uncl_Bacillota","uncl_Bacillota","uncl_Bacillota"
"OTU2385","Bacteria","Bacillota","Clostridia","Eubacteriales","uncl_Eubacteriales","uncl_Eubacteriales","uncl_Eubacteriales"
"OTU13","Bacteria","Bacillota","Clostridia","Eubacteriales","Clostridiaceae 1","uncl_Clostridiaceae 1","uncl_Clostridiaceae 1"
"OTU345","Bacteria","Bacillota","Clostridia","Eubacteriales","Lachnospiraceae","uncl_Lachnospiraceae","uncl_Lachnospiraceae"
"OTU616","Bacteria","Bacillota","Clostridia","Eubacteriales","Lachnospiraceae","uncl_Lachnospiraceae","uncl_Lachnospiraceae"
"OTU109","Bacteria","Bacillota","uncl_Bacillota","uncl_Bacillota","uncl_Bacillota","uncl_Bacillota","uncl_Bacillota"
"OTU469","Bacteria","Bacillota","Clostridia","Eubacteriales","Oscillospiraceae","uncl_Oscillospiraceae","uncl_Oscillospiraceae"
"OTU299","Bacteria","Bacillota","Clostridia","Eubacteriales","Lachnospiraceae","uncl_Lachnospiraceae","uncl_Lachnospiraceae"
"OTU512","Bacteria","Bacillota","uncl_Bacillota","uncl_Bacillota","uncl_Bacillota","uncl_Bacillota","uncl_Bacillota"
"OTU564","Bacteria","Bacillota","uncl_Bacillota","uncl_Bacillota","uncl_Bacillota","uncl_Bacillota","uncl_Bacillota"
"OTU213","Bacteria","Bacillota","Clostridia","Eubacteriales","uncl_Eubacteriales","uncl_Eubacteriales","uncl_Eubacteriales"
"OTU3646","Bacteria","Actinomycetota","Actinobacteria","Bifidobacteriales","Bifidobacteriaceae","Bifidobacterium","animalis"
"OTU312","Bacteria","Actinomycetota","Coriobacteriia","Eggerthellales","Eggerthellaceae","uncl_Eggerthellaceae","uncl_Eggerthellaceae"
"OTU85","Bacteria","Bacillota","Bacilli","Caryophanales","Staphylococcaceae","Staphylococcus","uncl_Staphylococcus"
"OTU274","Bacteria","Bacillota","Clostridia","Eubacteriales","Oscillospiraceae","uncl_Oscillospiraceae","uncl_Oscillospiraceae"
"OTU3280","Bacteria","Bacillota","uncl_Bacillota","uncl_Bacillota","uncl_Bacillota","uncl_Bacillota","uncl_Bacillota"
"OTU865","Bacteria","Bacillota","Erysipelotrichia","Erysipelotrichales","Erysipelotrichaceae","uncl_Erysipelotrichaceae","uncl_Erysipelotrichaceae"
"OTU2353","Bacteria","Bacillota","Clostridia","Eubacteriales","Lachnospiraceae","uncl_Lachnospiraceae","uncl_Lachnospiraceae"
"OTU4557","Bacteria","Bacteroidota","Bacteroidia","Bacteroidales","Bacteroidaceae","Bacteroides","acidifaciens"
"OTU920","Bacteria","Bacillota","uncl_Bacillota","uncl_Bacillota","uncl_Bacillota","uncl_Bacillota","uncl_Bacillota"
"OTU2992","Bacteria","Bacillota","Clostridia","Eubacteriales","Lachnospiraceae","uncl_Lachnospiraceae","uncl_Lachnospiraceae"
"OTU3376","Bacteria","Bacillota","uncl_Bacillota","uncl_Bacillota","uncl_Bacillota","uncl_Bacillota","uncl_Bacillota"
"OTU556","Bacteria","Bacillota","Clostridia","Eubacteriales","uncl_Eubacteriales","uncl_Eubacteriales","uncl_Eubacteriales"
"OTU3347","Bacteria","Bacillota","Clostridia","Eubacteriales","Oscillospiraceae","uncl_Oscillospiraceae","uncl_Oscillospiraceae"
"OTU473","Bacteria","Bacillota","Clostridia","Eubacteriales","uncl_Eubacteriales","uncl_Eubacteriales","uncl_Eubacteriales"
"OTU383","Bacteria","Bacillota","uncl_Bacillota","uncl_Bacillota","uncl_Bacillota","uncl_Bacillota","uncl_Bacillota"
"OTU131","Bacteria","Bacillota","Clostridia","Eubacteriales","Lachnospiraceae","uncl_Lachnospiraceae","uncl_Lachnospiraceae"
"OTU50","Bacteria","Bacillota","Clostridia","Eubacteriales","Lachnospiraceae","uncl_Lachnospiraceae","uncl_Lachnospiraceae"
"OTU3059","Bacteria","Bacillota","Bacilli","Lactobacillales","Lactobacillaceae","Limosilactobacillus","uncl_Limosilactobacillus"
"OTU365","Bacteria","Bacillota","uncl_Bacillota","uncl_Bacillota","uncl_Bacillota","uncl_Bacillota","uncl_Bacillota"
"OTU3338","Bacteria","Bacillota","Clostridia","Eubacteriales","uncl_Eubacteriales","uncl_Eubacteriales","uncl_Eubacteriales"
"OTU355","Bacteria","Bacillota","Clostridia","Eubacteriales","Lachnospiraceae","uncl_Lachnospiraceae","uncl_Lachnospiraceae"
"OTU459","Bacteria","Actinomycetota","Coriobacteriia","Eggerthellales","Eggerthellaceae","uncl_Eggerthellaceae","uncl_Eggerthellaceae"
"OTU1632","Bacteria","Bacillota","Clostridia","Eubacteriales","Lachnospiraceae","uncl_Lachnospiraceae","uncl_Lachnospiraceae"
"OTU463","Bacteria","Bacillota","Clostridia","uncl_Clostridia","uncl_Clostridia","uncl_Clostridia","uncl_Clostridia"
"OTU248","Bacteria","Bacillota","Clostridia","Eubacteriales","Lachnospiraceae","uncl_Lachnospiraceae","uncl_Lachnospiraceae"
"OTU1727","Bacteria","Bacillota","uncl_Bacillota","uncl_Bacillota","uncl_Bacillota","uncl_Bacillota","uncl_Bacillota"
"OTU411","Bacteria","Bacillota","Clostridia","Eubacteriales","Lachnospiraceae","uncl_Lachnospiraceae","uncl_Lachnospiraceae"
"OTU193","Bacteria","Bacillota","Clostridia","Eubacteriales","Lachnospiraceae","uncl_Lachnospiraceae","uncl_Lachnospiraceae"
"OTU4956","Bacteria","Bacillota","Clostridia","Eubacteriales","Lachnospiraceae","uncl_Lachnospiraceae","uncl_Lachnospiraceae"
"OTU4479","Bacteria","Bacillota","Clostridia","Eubacteriales","Lachnospiraceae","uncl_Lachnospiraceae","uncl_Lachnospiraceae"
"OTU2488","Bacteria","Bacillota","Clostridia","Eubacteriales","Lachnospiraceae","uncl_Lachnospiraceae","uncl_Lachnospiraceae"
"OTU627","Bacteria","Bacillota","uncl_Bacillota","uncl_Bacillota","uncl_Bacillota","uncl_Bacillota","uncl_Bacillota"
"OTU132","Bacteria","Bacillota","Clostridia","Eubacteriales","Lachnospiraceae","uncl_Lachnospiraceae","uncl_Lachnospiraceae"
"OTU588","Bacteria","Bacillota","Clostridia","Eubacteriales","Lachnospiraceae","uncl_Lachnospiraceae","uncl_Lachnospiraceae"
"OTU619","Bacteria","Bacillota","Clostridia","uncl_Clostridia","uncl_Clostridia","uncl_Clostridia","uncl_Clostridia"
"OTU75","Bacteria","Bacillota","Clostridia","Eubacteriales","Lachnospiraceae","uncl_Lachnospiraceae","uncl_Lachnospiraceae"
"OTU569","Bacteria","Pseudomonadota","Gammaproteobacteria","Pseudomonadales","Pseudomonadaceae","Pseudomonas","uncl_Pseudomonas"
"OTU693","Bacteria","Bacillota","Clostridia","Eubacteriales","Lachnospiraceae","uncl_Lachnospiraceae","uncl_Lachnospiraceae"
"OTU63","Bacteria","Bacteroidota","uncl_Bacteroidota","uncl_Bacteroidota","uncl_Bacteroidota","uncl_Bacteroidota","uncl_Bacteroidota"
"OTU212","Bacteria","Bacillota","Clostridia","Eubacteriales","Oscillospiraceae","uncl_Oscillospiraceae","uncl_Oscillospiraceae"
"OTU3375","Bacteria","Bacillota","Clostridia","Eubacteriales","Oscillospiraceae","uncl_Oscillospiraceae","uncl_Oscillospiraceae"
"OTU373","Bacteria","Bacillota","Clostridia","Eubacteriales","Lachnospiraceae","uncl_Lachnospiraceae","uncl_Lachnospiraceae"
"OTU49","Bacteria","Bacillota","Clostridia","Eubacteriales","Oscillospiraceae","uncl_Oscillospiraceae","uncl_Oscillospiraceae"
"OTU420","Bacteria","Actinomycetota","Coriobacteriia","Eggerthellales","Eggerthellaceae","uncl_Eggerthellaceae","uncl_Eggerthellaceae"
"OTU4823","Bacteria","Bacillota","Clostridia","Eubacteriales","uncl_Eubacteriales","uncl_Eubacteriales","uncl_Eubacteriales"
"OTU471","Bacteria","Actinomycetota","Coriobacteriia","Eggerthellales","Eggerthellaceae","uncl_Eggerthellaceae","uncl_Eggerthellaceae"
"OTU107","Bacteria","Bacillota","Clostridia","Eubacteriales","Lachnospiraceae","Anaerotignum","uncl_Anaerotignum"
"OTU737","Bacteria","Bacillota","Clostridia","Eubacteriales","Lachnospiraceae","uncl_Lachnospiraceae","uncl_Lachnospiraceae"
"OTU37","Bacteria","Bacillota","Clostridia","Eubacteriales","Lachnospiraceae","uncl_Lachnospiraceae","uncl_Lachnospiraceae"
"OTU3537","Bacteria","Actinomycetota","Coriobacteriia","Eggerthellales","Eggerthellaceae","Adlercreutzia","uncl_Adlercreutzia"
"OTU318","Bacteria","Bacillota","Clostridia","Eubacteriales","Lachnospiraceae","uncl_Lachnospiraceae","uncl_Lachnospiraceae"
"OTU51","Bacteria","Bacillota","Clostridia","Eubacteriales","Lachnospiraceae","uncl_Lachnospiraceae","uncl_Lachnospiraceae"
"OTU122","Bacteria","Bacillota","Clostridia","Eubacteriales","Lachnospiraceae","uncl_Lachnospiraceae","uncl_Lachnospiraceae"
"OTU2481","Bacteria","Bacteroidota","Bacteroidia","Bacteroidales","Rikenellaceae","Alistipes","uncl_Alistipes"
"OTU2995","Bacteria","Bacillota","Clostridia","Eubacteriales","uncl_Eubacteriales","uncl_Eubacteriales","uncl_Eubacteriales"
"OTU374","Bacteria","Bacillota","Clostridia","Eubacteriales","Oscillospiraceae","Fumia","xinanensis"
"OTU71","Bacteria","Bacillota","Clostridia","Eubacteriales","Lachnospiraceae","uncl_Lachnospiraceae","uncl_Lachnospiraceae"
"OTU708","Bacteria","Bacillota","Clostridia","Eubacteriales","Lachnospiraceae","uncl_Lachnospiraceae","uncl_Lachnospiraceae"
"OTU285","Bacteria","Bacillota","Clostridia","Eubacteriales","uncl_Eubacteriales","uncl_Eubacteriales","uncl_Eubacteriales"
"OTU1548","Bacteria","Bacillota","Clostridia","Eubacteriales","Oscillospiraceae","uncl_Oscillospiraceae","uncl_Oscillospiraceae"
"OTU4206","Bacteria","Bacillota","Clostridia","Eubacteriales","Lachnospiraceae","uncl_Lachnospiraceae","uncl_Lachnospiraceae"
"OTU470","Bacteria","Bacillota","Clostridia","Eubacteriales","Oscillospiraceae","uncl_Oscillospiraceae","uncl_Oscillospiraceae"
"OTU19","Bacteria","Bacillota","Clostridia","Eubacteriales","Lachnospiraceae","uncl_Lachnospiraceae","uncl_Lachnospiraceae"
"OTU775","Bacteria","Bacillota","uncl_Bacillota","uncl_Bacillota","uncl_Bacillota","uncl_Bacillota","uncl_Bacillota"
"OTU4299","Bacteria","Actinomycetota","Coriobacteriia","Eggerthellales","Eggerthellaceae","Adlercreutzia","uncl_Adlercreutzia"
"OTU532","Bacteria","Bacillota","Clostridia","Eubacteriales","uncl_Eubacteriales","uncl_Eubacteriales","uncl_Eubacteriales"
"OTU430","Bacteria","Bacillota","uncl_Bacillota","uncl_Bacillota","uncl_Bacillota","uncl_Bacillota","uncl_Bacillota"
"OTU164","Bacteria","Bacillota","Clostridia","Eubacteriales","uncl_Eubacteriales","uncl_Eubacteriales","uncl_Eubacteriales"
"OTU3151","Bacteria","Bacillota","Clostridia","Eubacteriales","Lachnospiraceae","uncl_Lachnospiraceae","uncl_Lachnospiraceae"
"OTU4172","Bacteria","Bacillota","Clostridia","Eubacteriales","Lachnospiraceae","uncl_Lachnospiraceae","uncl_Lachnospiraceae"
"OTU4579","Bacteria","Bacillota","Clostridia","Eubacteriales","Oscillospiraceae","uncl_Oscillospiraceae","uncl_Oscillospiraceae"
"OTU1420","Bacteria","Bacillota","Clostridia","Eubacteriales","Oscillospiraceae","uncl_Oscillospiraceae","uncl_Oscillospiraceae"
"OTU186","Bacteria","Bacillota","Clostridia","uncl_Clostridia","uncl_Clostridia","uncl_Clostridia","uncl_Clostridia"
"OTU1364","Bacteria","Bacillota","Clostridia","Eubacteriales","Oscillospiraceae","uncl_Oscillospiraceae","uncl_Oscillospiraceae"
"OTU1359","Bacteria","Bacillota","Clostridia","Eubacteriales","Lachnospiraceae","uncl_Lachnospiraceae","uncl_Lachnospiraceae"
"OTU4290","Bacteria","Bacteroidota","Bacteroidia","Bacteroidales","Muribaculaceae","uncl_Muribaculaceae","uncl_Muribaculaceae"
"OTU3862","Bacteria","Bacteroidota","Bacteroidia","Bacteroidales","uncl_Bacteroidales","uncl_Bacteroidales","uncl_Bacteroidales"
"OTU385","Bacteria","Bacillota","Clostridia","uncl_Clostridia","uncl_Clostridia","uncl_Clostridia","uncl_Clostridia"
"OTU326","Bacteria","Bacillota","Clostridia","Eubacteriales","Oscillospiraceae","uncl_Oscillospiraceae","uncl_Oscillospiraceae"
"OTU2934","Bacteria","Bacillota","Clostridia","Eubacteriales","Lachnospiraceae","uncl_Lachnospiraceae","uncl_Lachnospiraceae"
"OTU917","Bacteria","Bacillota","Clostridia","Eubacteriales","Lachnospiraceae","uncl_Lachnospiraceae","uncl_Lachnospiraceae"
"OTU696","Bacteria","Bacillota","Clostridia","Eubacteriales","Oscillospiraceae","uncl_Oscillospiraceae","uncl_Oscillospiraceae"
"OTU427","Bacteria","Bacillota","Clostridia","Eubacteriales","Lachnospiraceae","uncl_Lachnospiraceae","uncl_Lachnospiraceae"
"OTU140","Bacteria","Bacteroidota","Bacteroidia","Bacteroidales","Rikenellaceae","Alistipes","inops"
"OTU3210","Bacteria","Bacillota","Clostridia","Eubacteriales","Oscillospiraceae","uncl_Oscillospiraceae","uncl_Oscillospiraceae"
"OTU2311","Bacteria","Bacillota","uncl_Bacillota","uncl_Bacillota","uncl_Bacillota","uncl_Bacillota","uncl_Bacillota"
"OTU438","Bacteria","Bacillota","Clostridia","Eubacteriales","Oscillospiraceae","uncl_Oscillospiraceae","uncl_Oscillospiraceae"
"OTU3335","Bacteria","Bacillota","uncl_Bacillota","uncl_Bacillota","uncl_Bacillota","uncl_Bacillota","uncl_Bacillota"
"OTU303","Bacteria","Pseudomonadota","Betaproteobacteria","Burkholderiales","Comamonadaceae","Delftia","uncl_Delftia"
"OTU137","Bacteria","Bacillota","Clostridia","Eubacteriales","Lachnospiraceae","uncl_Lachnospiraceae","uncl_Lachnospiraceae"
"OTU2050","Bacteria","Bacillota","uncl_Bacillota","uncl_Bacillota","uncl_Bacillota","uncl_Bacillota","uncl_Bacillota"
"OTU4907","Bacteria","Bacillota","uncl_Bacillota","uncl_Bacillota","uncl_Bacillota","uncl_Bacillota","uncl_Bacillota"
"OTU3039","Bacteria","Actinomycetota","Coriobacteriia","Eggerthellales","Eggerthellaceae","Adlercreutzia","uncl_Adlercreutzia"
"OTU515","Bacteria","Pseudomonadota","Betaproteobacteria","Burkholderiales","Burkholderiaceae","Ralstonia","pickettii"
"OTU2102","Bacteria","Bacillota","Clostridia","Eubacteriales","Oscillospiraceae","uncl_Oscillospiraceae","uncl_Oscillospiraceae"
"OTU894","Bacteria","Cyanobacteriota","Cyanophyceae","Nostocales","uncl_Nostocales","uncl_Nostocales","uncl_Nostocales"
"OTU5009","Bacteria","Bacillota","Bacilli","Lactobacillales","Enterococcaceae","Enterococcus","uncl_Enterococcus"
"OTU3014","Bacteria","Bacillota","Clostridia","Eubacteriales","Lachnospiraceae","Laedolimicola","uncl_Laedolimicola"
"OTU3079","Bacteria","Bacillota","Clostridia","Eubacteriales","Lachnospiraceae","uncl_Lachnospiraceae","uncl_Lachnospiraceae"
"OTU943","Bacteria","Bacillota","Clostridia","Eubacteriales","Lachnospiraceae","uncl_Lachnospiraceae","uncl_Lachnospiraceae"
"OTU1096","Bacteria","Bacillota","Clostridia","Eubacteriales","Oscillospiraceae","uncl_Oscillospiraceae","uncl_Oscillospiraceae"
"OTU130","Bacteria","Pseudomonadota","Gammaproteobacteria","Pseudomonadales","Pseudomonadaceae","Pseudomonas","uncl_Pseudomonas"
"OTU10","Bacteria","Bacteroidota","Bacteroidia","Bacteroidales","Rikenellaceae","Alistipes","uncl_Alistipes"
"OTU2225","Bacteria","Bacillota","Clostridia","Eubacteriales","Lachnospiraceae","uncl_Lachnospiraceae","uncl_Lachnospiraceae"
"OTU576","Bacteria","Bacillota","Erysipelotrichia","Erysipelotrichales","Erysipelotrichaceae","Faecalibaculum","rodentium"
"OTU2149","Bacteria","Bacillota","Clostridia","Eubacteriales","Lachnospiraceae","uncl_Lachnospiraceae","uncl_Lachnospiraceae"
"OTU59","Bacteria","Bacillota","Clostridia","Eubacteriales","Lachnospiraceae","uncl_Lachnospiraceae","uncl_Lachnospiraceae"
"OTU359","Bacteria","Bacillota","Clostridia","Eubacteriales","Lachnospiraceae","uncl_Lachnospiraceae","uncl_Lachnospiraceae"
"OTU102","Bacteria","Bacillota","Erysipelotrichia","Erysipelotrichales","Erysipelotrichaceae","Dubosiella","newyorkensis"
"OTU3390","Bacteria","Bacillota","Clostridia","Eubacteriales","Lachnospiraceae","uncl_Lachnospiraceae","uncl_Lachnospiraceae"
"OTU4223","Bacteria","Bacillota","Clostridia","Eubacteriales","Oscillospiraceae","uncl_Oscillospiraceae","uncl_Oscillospiraceae"
"OTU4716","Bacteria","Bacillota","Clostridia","Eubacteriales","Oscillospiraceae","uncl_Oscillospiraceae","uncl_Oscillospiraceae"
"OTU4974","Bacteria","Bacillota","uncl_Bacillota","uncl_Bacillota","uncl_Bacillota","uncl_Bacillota","uncl_Bacillota"
"OTU412","Bacteria","Actinomycetota","Actinobacteria","Micrococcales","Microbacteriaceae","Microbacterium","uncl_Microbacterium"
"OTU1892","Bacteria","Bacillota","Bacilli","Lactobacillales","Lactobacillaceae","Lactobacillus","intestinalis"
"OTU547","Bacteria","Bacillota","Erysipelotrichia","Erysipelotrichales","Erysipelotrichaceae","uncl_Erysipelotrichaceae","uncl_Erysipelotrichaceae"
"OTU47","Bacteria","Campylobacterota","Campylobacteria","Campylobacterales","Helicobacteraceae","Helicobacter","hepaticus"
"OTU3875","Bacteria","Bacillota","Clostridia","Eubacteriales","Lachnospiraceae","uncl_Lachnospiraceae","uncl_Lachnospiraceae"
"OTU4813","Bacteria","Bacteroidota","Bacteroidia","uncl_Bacteroidia","uncl_Bacteroidia","uncl_Bacteroidia","uncl_Bacteroidia"
"OTU87","Bacteria","Pseudomonadota","Gammaproteobacteria","Enterobacterales","Enterobacteriaceae","uncl_Enterobacteriaceae","uncl_Enterobacteriaceae"
"OTU94","Bacteria","Bacillota","Clostridia","Eubacteriales","Lachnospiraceae","uncl_Lachnospiraceae","uncl_Lachnospiraceae"
"OTU3895","Bacteria","Actinomycetota","Actinobacteria","Pseudonocardiales","Pseudonocardiaceae","Saccharopolyspora","rectivirgula"
"OTU530","Bacteria","Pseudomonadota","Alphaproteobacteria","Hyphomicrobiales","Phyllobacteriaceae","uncl_Phyllobacteriaceae","uncl_Phyllobacteriaceae"
"OTU472","Bacteria","Actinomycetota","Actinobacteria","Mycobacteriales","Corynebacteriaceae","Corynebacterium","uncl_Corynebacterium"
"OTU6","Bacteria","Bacillota","Bacilli","Lactobacillales","Lactobacillaceae","Lactobacillus","intestinalis"
"OTU27","Bacteria","Bacillota","Bacilli","Caryophanales","Bacillales_Incertae Sedis XI","Gemella","uncl_Gemella"
"OTU4943","Bacteria","Bacillota","Clostridia","Eubacteriales","Oscillospiraceae","uncl_Oscillospiraceae","uncl_Oscillospiraceae"
"OTU3336","Bacteria","Bacillota","uncl_Bacillota","uncl_Bacillota","uncl_Bacillota","uncl_Bacillota","uncl_Bacillota"
"OTU2185","Bacteria","Bacillota","Clostridia","Eubacteriales","Lachnospiraceae","uncl_Lachnospiraceae","uncl_Lachnospiraceae"
"OTU98","Bacteria","Bacillota","Bacilli","Lactobacillales","Enterococcaceae","Enterococcus","faecalis"
"OTU2792","Bacteria","Cyanobacteriota","Cyanophyceae","Nostocales","Scytonemataceae","Iphinoe","spelaeobios"
"OTU2007","Bacteria","Bacillota","Clostridia","Eubacteriales","Lachnospiraceae","uncl_Lachnospiraceae","uncl_Lachnospiraceae"
"OTU695","Bacteria","Bacillota","Clostridia","Eubacteriales","Lachnospiraceae","uncl_Lachnospiraceae","uncl_Lachnospiraceae"
"OTU3173","Bacteria","Bacillota","Clostridia","Eubacteriales","uncl_Eubacteriales","uncl_Eubacteriales","uncl_Eubacteriales"
"OTU88","Bacteria","Bacillota","Clostridia","Eubacteriales","Lachnospiraceae","uncl_Lachnospiraceae","uncl_Lachnospiraceae"
"OTU1079","Bacteria","Cyanobacteriota","Cyanophyceae","Nostocales","uncl_Nostocales","uncl_Nostocales","uncl_Nostocales"
"OTU1071","Bacteria","Bacillota","uncl_Bacillota","uncl_Bacillota","uncl_Bacillota","uncl_Bacillota","uncl_Bacillota"
"OTU3279","Bacteria","Bacillota","Clostridia","Eubacteriales","Oscillospiraceae","uncl_Oscillospiraceae","uncl_Oscillospiraceae"
"OTU4272","Bacteria","Bacillota","Clostridia","Eubacteriales","uncl_Eubacteriales","uncl_Eubacteriales","uncl_Eubacteriales"
"OTU4436","Bacteria","Bacillota","Clostridia","Eubacteriales","Oscillospiraceae","uncl_Oscillospiraceae","uncl_Oscillospiraceae"
"OTU3155","Bacteria","Bacillota","Clostridia","Eubacteriales","Oscillospiraceae","uncl_Oscillospiraceae","uncl_Oscillospiraceae"
"OTU651","Bacteria","Bacillota","Clostridia","Eubacteriales","Oscillospiraceae","uncl_Oscillospiraceae","uncl_Oscillospiraceae"
"OTU3364","Bacteria","Bacillota","Clostridia","Eubacteriales","Lachnospiraceae","uncl_Lachnospiraceae","uncl_Lachnospiraceae"
"OTU4262","Bacteria","Bacillota","Clostridia","Eubacteriales","uncl_Eubacteriales","uncl_Eubacteriales","uncl_Eubacteriales"
"OTU4335","Bacteria","Bacillota","Clostridia","Eubacteriales","Oscillospiraceae","uncl_Oscillospiraceae","uncl_Oscillospiraceae"
"OTU4625","Bacteria","Bacteroidota","Bacteroidia","Bacteroidales","Bacteroidaceae","uncl_Bacteroidaceae","uncl_Bacteroidaceae"
"OTU325","Bacteria","Pseudomonadota","Deltaproteobacteria","Desulfovibrionales","Desulfovibrionaceae","Desulfovibrio","porci"
"OTU3270","Bacteria","Bacillota","Clostridia","Eubacteriales","Oscillospiraceae","uncl_Oscillospiraceae","uncl_Oscillospiraceae"
"OTU223","Bacteria","Pseudomonadota","Alphaproteobacteria","uncl_Alphaproteobacteria","uncl_Alphaproteobacteria","uncl_Alphaproteobacteria","uncl_Alphaproteobacteria"
"OTU3658","Bacteria","Bacillota","Clostridia","Eubacteriales","Lachnospiraceae","uncl_Lachnospiraceae","uncl_Lachnospiraceae"
"OTU418","Bacteria","Bacillota","Clostridia","Eubacteriales","Oscillospiraceae","Anaerotruncus","colihominis"
"OTU151","Bacteria","Bacteroidota","Bacteroidia","Bacteroidales","Odoribacteraceae","Odoribacter","uncl_Odoribacter"
"OTU4439","Bacteria","Bacillota","Clostridia","Eubacteriales","Lachnospiraceae","uncl_Lachnospiraceae","uncl_Lachnospiraceae"
"OTU123","Bacteria","Bacteroidota","Bacteroidia","Bacteroidales","Muribaculaceae","uncl_Muribaculaceae","uncl_Muribaculaceae"
"OTU364","Bacteria","Bacteroidota","uncl_Bacteroidota","uncl_Bacteroidota","uncl_Bacteroidota","uncl_Bacteroidota","uncl_Bacteroidota"
"OTU91","Bacteria","Bacteroidota","Bacteroidia","Bacteroidales","Odoribacteraceae","Odoribacter","splanchnicus"
"OTU118","Bacteria","Pseudomonadota","Deltaproteobacteria","Desulfovibrionales","uncl_Desulfovibrionales","uncl_Desulfovibrionales","uncl_Desulfovibrionales"
"OTU4507","Bacteria","Bacillota","Clostridia","Eubacteriales","Lachnospiraceae","uncl_Lachnospiraceae","uncl_Lachnospiraceae"
"OTU3138","Bacteria","Actinomycetota","Actinobacteria","Micrococcales","uncl_Micrococcales","uncl_Micrococcales","uncl_Micrococcales"
"OTU3847","Bacteria","Bacillota","Clostridia","Eubacteriales","Lachnospiraceae","uncl_Lachnospiraceae","uncl_Lachnospiraceae"
"OTU4969","Bacteria","Bacillota","Clostridia","Eubacteriales","Lachnospiraceae","uncl_Lachnospiraceae","uncl_Lachnospiraceae"
"OTU2341","Bacteria","Bacillota","Clostridia","Eubacteriales","Lachnospiraceae","uncl_Lachnospiraceae","uncl_Lachnospiraceae"
"OTU453","Bacteria","Bacillota","Clostridia","Eubacteriales","Lachnospiraceae","uncl_Lachnospiraceae","uncl_Lachnospiraceae"
"OTU300","Bacteria","Bacillota","Clostridia","Eubacteriales","Lachnospiraceae","uncl_Lachnospiraceae","uncl_Lachnospiraceae"
"OTU79","Bacteria","Bacteroidota","Bacteroidia","Bacteroidales","Muribaculaceae","uncl_Muribaculaceae","uncl_Muribaculaceae"
"OTU397","Bacteria","Bacteroidota","Bacteroidia","Bacteroidales","Muribaculaceae","uncl_Muribaculaceae","uncl_Muribaculaceae"
"OTU494","Bacteria","Bacillota","Clostridia","uncl_Clostridia","uncl_Clostridia","uncl_Clostridia","uncl_Clostridia"
"OTU4619","Bacteria","Bacillota","Clostridia","Eubacteriales","Clostridiaceae 1","Clostridium sensu stricto","uncl_Clostridium sensu stricto"
"OTU277","Bacteria","Pseudomonadota","uncl_Pseudomonadota","uncl_Pseudomonadota","uncl_Pseudomonadota","uncl_Pseudomonadota","uncl_Pseudomonadota"
"OTU3049","Bacteria","Bacillota","Clostridia","Eubacteriales","Lachnospiraceae","uncl_Lachnospiraceae","uncl_Lachnospiraceae"
"OTU4314","Bacteria","Bacillota","Clostridia","Eubacteriales","uncl_Eubacteriales","uncl_Eubacteriales","uncl_Eubacteriales"
"OTU3026","Bacteria","Bacillota","Clostridia","Eubacteriales","Oscillospiraceae","uncl_Oscillospiraceae","uncl_Oscillospiraceae"
"OTU3075","Bacteria","Bacillota","Clostridia","Eubacteriales","Lachnospiraceae","uncl_Lachnospiraceae","uncl_Lachnospiraceae"
"OTU815","Bacteria","Bacillota","Clostridia","Eubacteriales","Lachnospiraceae","uncl_Lachnospiraceae","uncl_Lachnospiraceae"
"OTU675","Bacteria","Bacillota","Clostridia","uncl_Clostridia","uncl_Clostridia","uncl_Clostridia","uncl_Clostridia"
"OTU592","Bacteria","Bacteroidota","Bacteroidia","Bacteroidales","Prevotellaceae","uncl_Prevotellaceae","uncl_Prevotellaceae"
"OTU4265","Bacteria","Bacillota","Clostridia","Eubacteriales","Lachnospiraceae","uncl_Lachnospiraceae","uncl_Lachnospiraceae"
"OTU237","Bacteria","Bacillota","Clostridia","Eubacteriales","Oscillospiraceae","uncl_Oscillospiraceae","uncl_Oscillospiraceae"
"OTU314","Bacteria","Bacillota","Clostridia","Eubacteriales","Lachnospiraceae","uncl_Lachnospiraceae","uncl_Lachnospiraceae"
"OTU440","Bacteria","Bacillota","Clostridia","Eubacteriales","Lachnospiraceae","Acetatifactor","uncl_Acetatifactor"
"OTU505","Bacteria","Bacillota","Clostridia","Eubacteriales","Lachnospiraceae","uncl_Lachnospiraceae","uncl_Lachnospiraceae"
"OTU727","Bacteria","Bacillota","Clostridia","Eubacteriales","Lachnospiraceae","uncl_Lachnospiraceae","uncl_Lachnospiraceae"
"OTU3362","Bacteria","Bacillota","Clostridia","Eubacteriales","Oscillospiraceae","uncl_Oscillospiraceae","uncl_Oscillospiraceae"
"OTU316","Bacteria","Bacillota","Clostridia","Eubacteriales","Lachnospiraceae","uncl_Lachnospiraceae","uncl_Lachnospiraceae"
"OTU2364","Bacteria","Bacillota","Clostridia","Eubacteriales","Lachnospiraceae","uncl_Lachnospiraceae","uncl_Lachnospiraceae"
"OTU4711","Bacteria","Bacillota","Bacilli","Caryophanales","Bacillaceae","uncl_Bacillaceae","uncl_Bacillaceae"
"OTU241","Bacteria","Pseudomonadota","Alphaproteobacteria","uncl_Alphaproteobacteria","uncl_Alphaproteobacteria","uncl_Alphaproteobacteria","uncl_Alphaproteobacteria"
"OTU4663","Bacteria","Bacillota","Clostridia","Eubacteriales","Lachnospiraceae","uncl_Lachnospiraceae","uncl_Lachnospiraceae"
"OTU1184","Bacteria","Bacillota","Clostridia","Eubacteriales","Oscillospiraceae","uncl_Oscillospiraceae","uncl_Oscillospiraceae"
"OTU1302","Bacteria","Bacillota","Clostridia","Eubacteriales","Oscillospiraceae","uncl_Oscillospiraceae","uncl_Oscillospiraceae"
"OTU4536","Bacteria","Actinomycetota","Coriobacteriia","Eggerthellales","Eggerthellaceae","Adlercreutzia","uncl_Adlercreutzia"
"OTU128","Bacteria","Bacillota","Clostridia","Eubacteriales","Lachnospiraceae","uncl_Lachnospiraceae","uncl_Lachnospiraceae"
"OTU4228","Bacteria","Bacteroidota","Bacteroidia","Bacteroidales","Prevotellaceae","uncl_Prevotellaceae","uncl_Prevotellaceae"
"OTU643","Bacteria","Actinomycetota","Actinobacteria","Mycobacteriales","Mycobacteriaceae","Mycobacterium","uncl_Mycobacterium"
"OTU1164","Bacteria","Bacillota","Clostridia","Eubacteriales","Oscillospiraceae","uncl_Oscillospiraceae","uncl_Oscillospiraceae"
"OTU726","Bacteria","Pseudomonadota","Betaproteobacteria","Neisseriales","Neisseriaceae","Neisseria","uncl_Neisseria"
"OTU3457","Bacteria","Bacillota","uncl_Bacillota","uncl_Bacillota","uncl_Bacillota","uncl_Bacillota","uncl_Bacillota"
"OTU380","Bacteria","Pseudomonadota","Deltaproteobacteria","Desulfovibrionales","Desulfovibrionaceae","uncl_Desulfovibrionaceae","uncl_Desulfovibrionaceae"
"OTU278","Bacteria","Bacillota","uncl_Bacillota","uncl_Bacillota","uncl_Bacillota","uncl_Bacillota","uncl_Bacillota"
"OTU3067","Bacteria","Bacillota","Clostridia","Eubacteriales","Lachnospiraceae","uncl_Lachnospiraceae","uncl_Lachnospiraceae"
"OTU2106","Bacteria","Bacteroidota","Bacteroidia","Bacteroidales","Muribaculaceae","uncl_Muribaculaceae","uncl_Muribaculaceae"
"OTU83","Bacteria","Pseudomonadota","Gammaproteobacteria","Enterobacterales","Enterobacteriaceae","Escherichia/Shigella","uncl_Escherichia/Shigella"
"OTU2283","Bacteria","Bacillota","Bacilli","Caryophanales","Paenibacillaceae","Paenibacillus","uncl_Paenibacillus"
"OTU2926","Bacteria","Actinomycetota","Actinobacteria","Pseudonocardiales","Pseudonocardiaceae","Saccharomonospora","uncl_Saccharomonospora"
"OTU723","Bacteria","Bacillota","Clostridia","Eubacteriales","uncl_Eubacteriales","uncl_Eubacteriales","uncl_Eubacteriales"
"OTU590","Bacteria","Bacillota","Bacilli","Caryophanales","Caryophanaceae","uncl_Caryophanaceae","uncl_Caryophanaceae"
"OTU2695","Bacteria","Bacillota","Erysipelotrichia","Erysipelotrichales","Turicibacteraceae","Turicibacter","bilis"
"OTU2032","Bacteria","Bacillota","Bacilli","Caryophanales","Staphylococcaceae","Mammaliicoccus","uncl_Mammaliicoccus"
"OTU635","Bacteria","Bacillota","Clostridia","Eubacteriales","Christensenellaceae","uncl_Christensenellaceae","uncl_Christensenellaceae"
"OTU2678","Bacteria","Campylobacterota","Campylobacteria","Campylobacterales","Helicobacteraceae","Helicobacter","hepaticus"
"OTU3010","Bacteria","Actinomycetota","Actinobacteria","Streptomycetales","Streptomycetaceae","Streptomyces","uncl_Streptomyces"
"OTU4523","Bacteria","Actinomycetota","Actinobacteria","Micrococcales","Microbacteriaceae","Leucobacter","uncl_Leucobacter"
"OTU824","Bacteria","Bacillota","Bacilli","Caryophanales","Paenibacillaceae","uncl_Paenibacillaceae","uncl_Paenibacillaceae"
"OTU2502","Bacteria","Actinomycetota","Actinobacteria","Micrococcales","Promicromonosporaceae","Promicromonospora","uncl_Promicromonospora"
"OTU4437","Bacteria","Bacillota","Clostridia","uncl_Clostridia","uncl_Clostridia","uncl_Clostridia","uncl_Clostridia"
"OTU3685","Bacteria","Bacillota","uncl_Bacillota","uncl_Bacillota","uncl_Bacillota","uncl_Bacillota","uncl_Bacillota"
"OTU3220","Bacteria","Bacillota","Clostridia","Eubacteriales","Lachnospiraceae","Anaerotignum","uncl_Anaerotignum"
"OTU3916","Bacteria","Bacillota","Bacilli","Lactobacillales","uncl_Lactobacillales","uncl_Lactobacillales","uncl_Lactobacillales"
"OTU593","Bacteria","Bacillota","Bacilli","Lactobacillales","Leuconostocaceae","Weissella","uncl_Weissella"
"OTU3221","Bacteria","Actinomycetota","Actinobacteria","Pseudonocardiales","Pseudonocardiaceae","uncl_Pseudonocardiaceae","uncl_Pseudonocardiaceae"
"OTU2011","Bacteria","Bacillota","Bacilli","Caryophanales","Paenibacillaceae","Paenibacillus","barengoltzii"
"OTU2763","Bacteria","Bacillota","Clostridia","Eubacteriales","Lachnospiraceae","uncl_Lachnospiraceae","uncl_Lachnospiraceae"
"OTU144","Bacteria","Bacillota","Clostridia","Eubacteriales","Lachnospiraceae","uncl_Lachnospiraceae","uncl_Lachnospiraceae"
"OTU356","Bacteria","Bacillota","Bacilli","Caryophanales","Bacillaceae","Priestia","uncl_Priestia"
"OTU4727","Bacteria","Actinomycetota","Actinobacteria","Pseudonocardiales","Pseudonocardiaceae","Saccharopolyspora","uncl_Saccharopolyspora"
"OTU1921","Bacteria","Bacteroidota","Bacteroidia","Bacteroidales","Rikenellaceae","Alistipes","uncl_Alistipes"
"OTU1605","Bacteria","Bacillota","Bacilli","Caryophanales","Bacillaceae","Shouchella","clausii"
"OTU3274","Bacteria","Actinomycetota","Actinobacteria","Streptosporangiales","Nocardiopsaceae","Nocardiopsis","uncl_Nocardiopsis"
"OTU3384","Bacteria","Bacillota","Clostridia","Eubacteriales","Lachnospiraceae","uncl_Lachnospiraceae","uncl_Lachnospiraceae"
"OTU310","Bacteria","Actinomycetota","Actinobacteria","Micrococcales","Dermabacteraceae","Brachybacterium","uncl_Brachybacterium"
"OTU4838","Bacteria","Actinomycetota","Actinobacteria","Micrococcales","uncl_Micrococcales","uncl_Micrococcales","uncl_Micrococcales"
"OTU371","Bacteria","Bacillota","Clostridia","Eubacteriales","Oscillospiraceae","uncl_Oscillospiraceae","uncl_Oscillospiraceae"
"OTU3728","Bacteria","Pseudomonadota","Alphaproteobacteria","Hyphomicrobiales","Devosiaceae","Devosia","uncl_Devosia"
"OTU4661","Bacteria","Bacillota","Clostridia","Eubacteriales","Lachnospiraceae","uncl_Lachnospiraceae","uncl_Lachnospiraceae"
"OTU2940","Bacteria","Bacillota","Clostridia","Eubacteriales","Lachnospiraceae","uncl_Lachnospiraceae","uncl_Lachnospiraceae"
"OTU2928","Bacteria","Bacillota","Clostridia","Eubacteriales","Lachnospiraceae","uncl_Lachnospiraceae","uncl_Lachnospiraceae"
"OTU2967","Bacteria","Bacillota","Erysipelotrichia","Erysipelotrichales","Erysipelotrichaceae","uncl_Erysipelotrichaceae","uncl_Erysipelotrichaceae"
"OTU672","Bacteria","Pseudomonadota","Alphaproteobacteria","Hyphomicrobiales","Rhizobiaceae","Rhizobium","uncl_Rhizobium"
"OTU3193","Bacteria","Bacillota","Bacilli","Caryophanales","Paenibacillaceae","Paenibacillus","uncl_Paenibacillus"
"OTU4641","Bacteria","Actinomycetota","Actinobacteria","Micrococcales","Microbacteriaceae","Gryllotalpicola","uncl_Gryllotalpicola"
